Hadsten10_q_75.align	HAD
Hadsten12_q_75.align	HAD
Hadsten13_q_75.align	HAD
Hadsten14_q_75.align	HAD
Hadsten15_q_75.align	HAD
Hadsten16_q_75.align	HAD
Hadsten17_q_75.align	HAD
Hadsten18_q_75.align	HAD
Hadsten19_q_75.align	HAD
Hadsten1_q_75.align	HAD
Hadsten20_q_75.align	HAD
Hadsten21_q_75.align	HAD
Hadsten22_q_75.align	HAD
Hadsten23_q_75.align	HAD
Hadsten24_q_75.align	HAD
Hadsten25_q_75.align	HAD
Hadsten2_q_75.align	HAD
Hadsten3_q_75.align	HAD
Hadsten4_q_75.align	HAD
Hald_So11_q_75.align	HAD
Hadsten11_q_75.align	HAD
Krobeak10_q_75.align	KRO
Krobeak11_q_75.align	KRO
Krobeak12_q_75.align	KRO
Krobeak13_q_75.align	KRO
Krobeak14_q_75.align	KRO
Krobeak15_q_75.align	KRO
Krobeak16_q_75.align	KRO
Krobeak17_q_75.align	KRO
Krobeak18_q_75.align	KRO
Krobeak19_q_75.align	KRO
Krobeak1_q_75.align	KRO
Krobeak20_q_75.align	KRO
Krobeak21_q_75.align	KRO
Krobeak22_q_75.align	KRO
Krobeak23_q_75.align	KRO
Krobeak24_q_75.align	KRO
Krobeak25_q_75.align	KRO
Krobeak2_q_75.align	KRO
Krobeak3_q_75.align	KRO
Krobeak4_q_75.align	KRO
Norsminde10_q_75.align	NOR
Norsminde11_q_75.align	NOR
Norsminde12_q_75.align	NOR
Norsminde13_q_75.align	NOR
Norsminde14_q_75.align	NOR
Norsminde15_q_75.align	NOR
Norsminde16_q_75.align	NOR
Norsminde17_q_75.align	NOR
Norsminde18_q_75.align	NOR
Norsminde19_q_75.align	NOR
Norsminde1_q_75.align	NOR
Norsminde20_q_75.align	NOR
Norsminde21_q_75.align	NOR
Norsminde22_q_75.align	NOR
Norsminde23_q_75.align	NOR
Norsminde24_q_75.align	NOR
Norsminde25_q_75.align	NOR
Norsminde2_q_75.align	NOR
Norsminde3_q_75.align	NOR
Norsminde4_q_75.align	NOR
